<?xml version="1.0" encoding="UTF-8"?>
<project-private xmlns="http://www.netbeans.org/ns/project-private/1">
    <editor-bookmarks xmlns="http://www.netbeans.org/ns/editor-bookmarks/2" lastBookmarkId="0"/>
    <open-files xmlns="http://www.netbeans.org/ns/projectui-open-files/2">
        <group>
            <file>file:/G:/Il%20mio%20Drive/Università%20degli%20Studi%20di%20Salerno/Magistrale%20-%20Artificial%20Intelligence%20and%20Intelligent%20Robotics/I°Anno/Primo%20Semestre%202022-23/Software%20Engineering/Project_SE/src/project_se/DragResizeMod.java</file>
            <file>file:/G:/Il%20mio%20Drive/Università%20degli%20Studi%20di%20Salerno/Magistrale%20-%20Artificial%20Intelligence%20and%20Intelligent%20Robotics/I°Anno/Primo%20Semestre%202022-23/Software%20Engineering/Project_SE/src/project_se/SavePaint.java</file>
            <file>file:/G:/Il%20mio%20Drive/Università%20degli%20Studi%20di%20Salerno/Magistrale%20-%20Artificial%20Intelligence%20and%20Intelligent%20Robotics/I°Anno/Primo%20Semestre%202022-23/Software%20Engineering/Project_SE/src/project_se/EllipseShape.java</file>
            <file>file:/G:/Il%20mio%20Drive/Università%20degli%20Studi%20di%20Salerno/Magistrale%20-%20Artificial%20Intelligence%20and%20Intelligent%20Robotics/I°Anno/Primo%20Semestre%202022-23/Software%20Engineering/Project_SE/src/project_se/CopyCommand.java</file>
            <file>file:/G:/Il%20mio%20Drive/Università%20degli%20Studi%20di%20Salerno/Magistrale%20-%20Artificial%20Intelligence%20and%20Intelligent%20Robotics/I°Anno/Primo%20Semestre%202022-23/Software%20Engineering/Project_SE/src/project_se/ChangeColorCommand.java</file>
            <file>file:/G:/Il%20mio%20Drive/Università%20degli%20Studi%20di%20Salerno/Magistrale%20-%20Artificial%20Intelligence%20and%20Intelligent%20Robotics/I°Anno/Primo%20Semestre%202022-23/Software%20Engineering/Project_SE/src/project_se/FXMLDocumentController.java</file>
            <file>file:/G:/Il%20mio%20Drive/Università%20degli%20Studi%20di%20Salerno/Magistrale%20-%20Artificial%20Intelligence%20and%20Intelligent%20Robotics/I°Anno/Primo%20Semestre%202022-23/Software%20Engineering/Project_SE/src/project_se/DeleteCommand.java</file>
            <file>file:/G:/Il%20mio%20Drive/Università%20degli%20Studi%20di%20Salerno/Magistrale%20-%20Artificial%20Intelligence%20and%20Intelligent%20Robotics/I°Anno/Primo%20Semestre%202022-23/Software%20Engineering/Project_SE/src/project_se/FXMLDocument.fxml</file>
            <file>file:/G:/Il%20mio%20Drive/Università%20degli%20Studi%20di%20Salerno/Magistrale%20-%20Artificial%20Intelligence%20and%20Intelligent%20Robotics/I°Anno/Primo%20Semestre%202022-23/Software%20Engineering/Project_SE/src/project_se/PasteCommand.java</file>
            <file>file:/G:/Il%20mio%20Drive/Università%20degli%20Studi%20di%20Salerno/Magistrale%20-%20Artificial%20Intelligence%20and%20Intelligent%20Robotics/I°Anno/Primo%20Semestre%202022-23/Software%20Engineering/Project_SE/src/project_se/AbstractShape.java</file>
            <file>file:/G:/Il%20mio%20Drive/Università%20degli%20Studi%20di%20Salerno/Magistrale%20-%20Artificial%20Intelligence%20and%20Intelligent%20Robotics/I°Anno/Primo%20Semestre%202022-23/Software%20Engineering/Project_SE/src/project_se/ImportPaint.java</file>
            <file>file:/G:/Il%20mio%20Drive/Università%20degli%20Studi%20di%20Salerno/Magistrale%20-%20Artificial%20Intelligence%20and%20Intelligent%20Robotics/I°Anno/Primo%20Semestre%202022-23/Software%20Engineering/Project_SE/src/project_se/Project_SE.java</file>
            <file>file:/G:/Il%20mio%20Drive/Università%20degli%20Studi%20di%20Salerno/Magistrale%20-%20Artificial%20Intelligence%20and%20Intelligent%20Robotics/I°Anno/Primo%20Semestre%202022-23/Software%20Engineering/Project_SE/src/project_se/CommandInterface.java</file>
        </group>
    </open-files>
</project-private>
